{
    "Description" : {
        "Id" : "background_ancestry_Magistracy",
        "Name" : "Magistracy",
        "Details" : "Decades ago, your family came to the [[DM.BaseDescriptionDefs[LoreAuriganReach],Aurigan Reach]] from the [[DM.Factions[faction_MagistracyOfCanopus],Magistracy of Canopus]].",
        "Icon" : "uixTxrLogo_MagistracyOfCanopus",
        "Cost" : 0,
        "Rarity" : 0,
        "Purchasable" : false
    },
    "Results" : {
        "Scope" : "Commander",
        "Requirements" : null,
        "AddedTags" : {
            "items" : [
                "commander_ancestry_magistracy"
            ],
            "tagSetSourceFile" : ""
        },
        "RemovedTags" : null,
        "Stats" : [
            {
                "typeString" : "System.Int32",
                "name" : "Piloting",
                "value" : 1,
                "valueConstant" : ""
            },
            {
                "typeString" : "System.Int32",
                "name" : "Gunnery",
                "value" : 1,
                "valueConstant" : ""
            },
            {
                "typeString" : "System.Int32",
                "name" : "Tactics",
                "value" : 1,
                "valueConstant" : ""
            },
            {
                "typeString" : "System.Int32",
                "name" : "Guts",
                "value" : 1,
                "valueConstant" : ""
            }
        ],
        "Actions" : null,
        "ForceEvents" : null,
        "TemporaryResult" : false,
        "ResultDuration" : 0
    },
    "BackgroundSection" : 0,
	"UIOrdering" : 5,
	"OptionName" : "The Magistracy of Canopus",
	"OptionMusicTrigger" : "canopus",
	"OptionDescription" : "MechWarriors who hail from the [[DM.Factions[faction_MagistracyOfCanopus],Magistracy of Canopus]] can run the gamut of skill and fighting styles, but they often favor clever and unorthodox tactics on the field.\r\n\r\nWhile smaller than the great [[DM.BaseDescriptionDefs[LoreSuccessorState],Successor States]] of the [[DM.BaseDescriptionDefs[LoreInnerSphere],Inner Sphere]], the Magistracy of Canopus is one of the major powers of the [[DM.BaseDescriptionDefs[LoreRimwardPeriphery],Rimward Periphery]]. The Magistracy is a matriarchal society led by a Magestrix. This is an elected position open to any woman but largely controlled by [[DM.BaseDescriptionDefs[LoreHouseCentrella],House Centrella]] due to the family's popularity. The Magistracy supports an open society that ensures the personal liberty of all citizens and their right to live their lives as they see fit.",
	"BioDescription" : "Decades ago, your family came to the Aurigan Reach from the Magistracy of Canopus. MechWarriors who hail from the Magistracy of Canopus often favor clever and unorthodox tactics on the field. The Magistracy supports an open society that ensures the personal liberty of all citizens and their right to live their lives as they see fit.\r\n"
}