{
    "Description" : {
        "Id" : "background_ancestry_Steiner",
        "Name" : "Steiner",
        "Details" : "Decades ago, your family came to the [[DM.BaseDescriptionDefs[LoreAuriganReach],Aurigan Reach]] from the [[DM.Factions[faction_Steiner],Lyran Commonwealth]].",
        "Icon" : "uixTxrLogo_Steiner",
        "Cost" : 0,
        "Rarity" : 0,
        "Purchasable" : false
    },
    "Results" : {
        "Scope" : "Commander",
        "Requirements" : null,
        "AddedTags" : {
            "items" : [
                "commander_ancestry_steiner"
            ],
            "tagSetSourceFile" : ""
        },
        "RemovedTags" : null,
        "Stats" : [
            {
                "typeString" : "System.Int32",
                "name" : "Piloting",
                "value" : 1,
                "valueConstant" : ""
            },
            {
                "typeString" : "System.Int32",
                "name" : "Gunnery",
                "value" : 1,
                "valueConstant" : ""
            },
            {
                "typeString" : "System.Int32",
                "name" : "Tactics",
                "value" : 1,
                "valueConstant" : ""
            },
            {
                "typeString" : "System.Int32",
                "name" : "Guts",
                "value" : 1,
                "valueConstant" : ""
            }
        ],
        "Actions" : null,
        "ForceEvents" : null,
        "TemporaryResult" : false,
        "ResultDuration" : 0
    },
    "BackgroundSection" : 0,
	"UIOrdering" : 3,
	"OptionName" : "The Lyran Commonwealth (Steiner)",
	"OptionMusicTrigger" : "steiner",
	"OptionDescription" : "MechWarriors who hail from the [[DM.Factions[faction_Steiner],Lyran Commonwealth]] tend to be hardy, well equipped, and well trained, though they have also earned a reputation for not being particularly strategic thinkers on the battlefield.\r\n\r\nWealth is the greatest strength of the merchant princes of the Lyran Commonwealth, ruled by [[DM.BaseDescriptionDefs[LoreHouseSteiner],House Steiner]]. Despite a number of humiliating defeats in the first two [[DM.BaseDescriptionDefs[LoreSuccessionWars],Succession Wars]], the Lyran Commonwealth has bounced back thanks to the combined strength of its economy (the biggest of the five great [[DM.BaseDescriptionDefs[LoreSuccessorState],Successor States]]) and its control of the [[DM.BaseDescriptionDefs[LoreInnerSphere],Inner Sphere]]'s largest functioning BattleMech factories. What the Lyran Commonwealth may lack in military prowess, it makes up for with raw numbers and industrial scale.",
	"BioDescription" : "Decades ago, your family came to the Aurigan Reach from the Lyran Commonwealth. MechWarriors who hail from the Lyran Commonwealth tend to be hardy, well equipped, and well trained, though they have also earned a reputation for not being particularly strategic thinkers on the battlefield. Wealth is the greatest strength of the merchant princes of the Lyran Commonwealth.\r\n"
}