{
    "Description" : {
        "Id" : "background_ancestry_Marik",
        "Name" : "Marik",
        "Details" : "Decades ago, your family came to the [[DM.BaseDescriptionDefs[LoreAuriganReach],Aurigan Reach]] from the [[DM.Factions[faction_Marik],Free Worlds League]].",
        "Icon" : "uixTxrLogo_Marik",
        "Cost" : 0,
        "Rarity" : 0,
        "Purchasable" : false
    },
    "Results" : {
        "Scope" : "Commander",
        "Requirements" : null,
        "AddedTags" : {
            "items" : [
                "commander_ancestry_marik"
            ],
            "tagSetSourceFile" : ""
        },
        "RemovedTags" : null,
        "Stats" : [
            {
                "typeString" : "System.Int32",
                "name" : "Piloting",
                "value" : 1,
                "valueConstant" : ""
            },
            {
                "typeString" : "System.Int32",
                "name" : "Gunnery",
                "value" : 1,
                "valueConstant" : ""
            },
            {
                "typeString" : "System.Int32",
                "name" : "Tactics",
                "value" : 1,
                "valueConstant" : ""
            },
            {
                "typeString" : "System.Int32",
                "name" : "Guts",
                "value" : 1,
                "valueConstant" : ""
            }
        ],
        "Actions" : null,
        "ForceEvents" : null,
        "TemporaryResult" : false,
        "ResultDuration" : 0
    },
    "BackgroundSection" : 0,
	"UIOrdering" : 1,
	"OptionName" : "The Free Worlds League (Marik)",
	"OptionMusicTrigger" : "marik",
	"OptionDescription" : "MechWarriors who hail from the [[DM.Factions[faction_Marik],Free Worlds League]] tend to be passionate, enduring fighters who value justice and equality above all else.\r\n\r\nThe oldest, and theoretically most democratic, of the great [[DM.BaseDescriptionDefs[LoreSuccessorState],Successor States]] of the [[DM.BaseDescriptionDefs[LoreInnerSphere],Inner Sphere]], the Free Worlds League is actually a broad coalition of many minor noble houses. For most of the League's history, it has been ruled under martial law by a Captain-General, who by tradition is from [[DM.BaseDescriptionDefs[LoreHouseMarik],House Marik]]. The cultural diversity and relative independence of its component regions are at once the greatest strength of the Free Worlds League, and its greatest weaknesses.",
	"BioDescription" : "Decades ago, your family came to the Aurigan Reach from the Free Worlds League. MechWarriors who hail from the Free Worlds League tend to be passionate, enduring fighters who value justice and equality above all else. The cultural diversity and independence of the Free Worlds League is at once the greatest strength of the Free Worlds League, and its greatest weaknesses.\r\n"

}