{
    "Description" : {
        "Id" : "background_ancestry_Periphery",
        "Name" : "Periphery",
        "Details" : "Decades ago, your family came to the [[DM.BaseDescriptionDefs[LoreAuriganReach],Aurigan Reach]] from the [[DM.BaseDescriptionDefs[LoreRimwardPeriphery],Rimward Periphery]].",
        "Icon" : "uixTxrLogo_Locals",
        "Cost" : 0,
        "Rarity" : 0,
        "Purchasable" : false
    },
    "Results" : {
        "Scope" : "Commander",
        "Requirements" : null,
        "AddedTags" : {
            "items" : [
                "commander_ancestry_periphery"
            ],
            "tagSetSourceFile" : ""
        },
        "RemovedTags" : null,
        "Stats" : [
            {
                "typeString" : "System.Int32",
                "name" : "Piloting",
                "value" : 1,
                "valueConstant" : ""
            },
            {
                "typeString" : "System.Int32",
                "name" : "Gunnery",
                "value" : 1,
                "valueConstant" : ""
            },
            {
                "typeString" : "System.Int32",
                "name" : "Tactics",
                "value" : 1,
                "valueConstant" : ""
            },
            {
                "typeString" : "System.Int32",
                "name" : "Guts",
                "value" : 1,
                "valueConstant" : ""
            }
        ],
        "Actions" : null,
        "ForceEvents" : null,
        "TemporaryResult" : false,
        "ResultDuration" : 0
    },
    "BackgroundSection" : 0,
	"UIOrdering" : 7,
	"OptionName" : "The Rimward Periphery",
	"OptionMusicTrigger" : "rimward",
	"OptionDescription" : "There is no easy way to characterize MechWarriors hailing from the [[DM.BaseDescriptionDefs[LoreRimwardPeriphery],Rimward Periphery]] - they can be anything from petty thugs to ruthless tacticians to skilled and honorable warriors.\r\n\r\nThe nations and minor noble houses of the Rimward Periphery have long played a role in shaping humanity - the [[DM.BaseDescriptionDefs[LoreStarLeague],Star League]]'s downfall began in the Periphery, eventually leading to the current tattered state of these disparate star systems on the edge of known space. The Periphery is still the galaxy's frontier, where the Great Houses of the [[DM.BaseDescriptionDefs[LoreInnerSphere],Inner Sphere]] play deadly politics, petty bandit kingdoms thrive, and pirate bands prey on the minor noble houses trying to survive in this hostile environment.",
	"BioDescription" : "Decades ago, your family came to the Aurigan Reach from the Rimward Periphery. There is no easy way to characterize MechWarriors hailing from the Rimward Periphery - they can be anything from petty thugs to ruthless tacticians to skilled and honorable warriors. The Periphery is the galaxy's frontier, and petty politics and piracy rule the region."
}