{
    "Description" : {
        "Id" : "background_career_soldier",
        "Name" : "Soldier",
        "Details" : "Out on your own, you fell into the life of an [[DM.BaseDescriptionDefs[LoreAuriganCoalition],Aurigan Coalition]] Soldier.",
        "Icon" : "envTxrHrld_startSoldier",
        "Cost" : 0,
        "Rarity" : 0,
        "Purchasable" : false
    },
    "Results" : {
        "Scope" : "Commander",
        "Requirements" : null,
        "AddedTags" : {
            "items" : [
                "commander_career_soldier"
            ],
            "tagSetSourceFile" : ""
        },
        "RemovedTags" : null,
        "Stats" : [
            {
                "typeString" : "System.Int32",
                "name" : "Piloting",
                "value" : 1,
                "valueConstant" : ""
            },
            {
                "typeString" : "System.Int32",
                "name" : "Gunnery",
                "value" : 2,
                "valueConstant" : ""
            },
            {
                "typeString" : "System.Int32",
                "name" : "Tactics",
                "value" : 1,
                "valueConstant" : ""
            },
            {
                "typeString" : "System.Int32",
                "name" : "Guts",
                "value" : 1,
                "valueConstant" : ""
            }
        ],
        "Actions" : null,
        "ForceEvents" : null,
        "TemporaryResult" : false,
        "ResultDuration" : 0
    },
    "BackgroundSection" : 2,
    "UIOrdering" : 0,
    "OptionName" : "Aurigan Coalition Soldier",
	"OptionMusicTrigger" : "",
    "OptionDescription" : "Unsure of your prospects, you traveled to [[DM.BaseDescriptionDefs[LoreCoromodir],Coromodir]], the capital of the [[DM.BaseDescriptionDefs[LoreAuriganCoalition],Aurigan Coalition]], and enlisted in the Coalition military. You quickly rose through the ranks, distinguishing yourself as a reliable MechWarrior. Life as a soldier wasn't glamorous, but it suited you just fine.\r\n\r\n+1 [[DM.BaseDescriptionDefs[StatMechWarriorGunnery],Gunnery]]",
    "Intro" : "On an ill-fated mission, you were caught behind enemy lines and separated from your lance. Raju happened to be on patrol nearby, and he launched a daring rescue. Upon finding out it was you he had rescued, he brought you into the [[DM.BaseDescriptionDefs[LoreHouseArano],House Arano]] Royal Guard.\r\n\r\nSo it is that you find yourself reunited with your old mentor, preparing your ancestral [[DM.BaseDescriptionDefs[LoreAncestralBlackjack],Blackjack]] for guard duty on the coronation day of the [[DM.BaseDescriptionDefs[LoreKameaArano],Lady Kamea Arano]]…",
	"BioDescription" : "Unsure of your prospects, you traveled to Coromodir, the capital of the Aurigan Coalition, and enlisted in the Coalition military. You quickly rose through the ranks, distinguishing yourself as a reliable MechWarrior. Life as a soldier wasn't glamorous, but it suited you just fine.\r\n"

}