{
    "Description" : {
        "Id" : "background_career_merchant_guard",
        "Name" : "MerchantGuard",
        "Details" : "Out on your own, you fell into the life of a Merchant Guard.",
        "Icon" : "envTxrHrld_startMerchantGuard",
        "Cost" : 0,
        "Rarity" : 0,
        "Purchasable" : false
    },
    "Results" : {
        "Scope" : "Commander",
        "Requirements" : null,
        "AddedTags" : {
            "items" : [
                "commander_career_merchantGuard"
            ],
            "tagSetSourceFile" : ""
        },
        "RemovedTags" : null,
        "Stats" : [
            {
                "typeString" : "System.Int32",
                "name" : "Piloting",
                "value" : 2,
                "valueConstant" : ""
            },
            {
                "typeString" : "System.Int32",
                "name" : "Gunnery",
                "value" : 1,
                "valueConstant" : ""
            },
            {
                "typeString" : "System.Int32",
                "name" : "Tactics",
                "value" : 1,
                "valueConstant" : ""
            },
            {
                "typeString" : "System.Int32",
                "name" : "Guts",
                "value" : 1,
                "valueConstant" : ""
            }
        ],
        "Actions" : null,
        "ForceEvents" : null,
        "TemporaryResult" : false,
        "ResultDuration" : 0
    },
    "BackgroundSection" : 2,
	"UIOrdering" : 5,
	"OptionName" : "Merchant Guard",
	"OptionMusicTrigger" : "",
	"OptionDescription" : "You signed on as a guard for a small trading guild, providing security as the guild's caravan made trading runs between the [[DM.BaseDescriptionDefs[LoreInnerSphere],Inner Sphere]] and the [[DM.BaseDescriptionDefs[LoreRimwardPeriphery],Periphery]]. It was a largely uneventful life, but you were able to put your MechWarrior skills to good use in the occasional scuffle with pirates and uncooperative local governments.\r\n\r\n+1 [[DM.BaseDescriptionDefs[StatMechWarriorPiloting],Piloting]]",
    "Intro" : "While escorting a supply caravan to a small outpost on the outskirts of the [[DM.BaseDescriptionDefs[LoreAuriganReach],Aurigan Reach]], you were set upon by pirates and left for dead. Raju happened to be visiting the capital city and picked up your distress call. Upon rescuing you, he offered you a job in the [[DM.BaseDescriptionDefs[LoreHouseArano],House Arano]] Royal Guard.\r\n\r\nSo it is that you find yourself reunited with your old mentor, preparing your ancestral [[DM.BaseDescriptionDefs[LoreAncestralBlackjack],Blackjack]] for guard duty on the coronation day of the [[DM.BaseDescriptionDefs[LoreKameaArano],Lady Kamea Arano]]…",
	"BioDescription" : "You signed on as a guard for a small trading guild, providing security as the guild's caravan made trading runs between the Inner Sphere and the Periphery. It was a largely uneventful life, but you were able to put your MechWarrior skills to good use in the occasional scuffle with pirates and uncooperative local governments.\r\n"
}