{
    "Description" : {
        "Id" : "background_career_mercenary",
        "Name" : "Mercenary",
        "Details" : "Out on your own, you fell into the life of an [[DM.BaseDescriptionDefs[LoreInnerSphere],Inner Sphere]] Mercenary.",
        "Icon" : "envTxrHrld_startMercenary",
        "Cost" : 0,
        "Rarity" : 0,
        "Purchasable" : false
    },
    "Results" : {
        "Scope" : "Commander",
        "Requirements" : null,
        "AddedTags" : {
            "items" : [
                "commander_career_mercenary"
            ],
            "tagSetSourceFile" : ""
        },
        "RemovedTags" : null,
        "Stats" : [
            {
                "typeString" : "System.Int32",
                "name" : "Piloting",
                "value" : 1,
                "valueConstant" : ""
            },
            {
                "typeString" : "System.Int32",
                "name" : "Gunnery",
                "value" : 1,
                "valueConstant" : ""
            },
            {
                "typeString" : "System.Int32",
                "name" : "Tactics",
                "value" : 2,
                "valueConstant" : ""
            },
            {
                "typeString" : "System.Int32",
                "name" : "Guts",
                "value" : 1,
                "valueConstant" : ""
            }
        ],
        "Actions" : null,
        "ForceEvents" : null,
        "TemporaryResult" : false,
        "ResultDuration" : 0
    },
    "BackgroundSection" : 2,
	"UIOrdering" : 3,
	"OptionName" : "Inner Sphere Mercenary",
	"OptionMusicTrigger" : "",
	"OptionDescription" : "Eager to get away from it all, you joined up with a minor [[DM.BaseDescriptionDefs[LoreInnerSphere],Inner Sphere]] mercenary unit. Integrating into the tight-knit crew took time, but you eventually proved your worth and became part of the family.\r\n\r\n+1 [[DM.BaseDescriptionDefs[StatMechWarriorTactics],Tactics]]",
    "Intro" : "Pure chance brought you back to the [[DM.BaseDescriptionDefs[LoreAuriganReach],Aurigan Reach]], as your mercenary crew took an ill-fated contract against an enclave of pirates on the outskirts of Aurigan space. The job went south, and you were the only survivor of your unit. Raju's lance happened to be on patrol nearby. After rescuing you and helping to honor your fallen comrades, he offered you a job in the [[DM.BaseDescriptionDefs[LoreHouseArano],House Arano]] Royal Guard.\r\n\r\nSo it is that you find yourself reunited with your old mentor, preparing your ancestral [[DM.BaseDescriptionDefs[LoreAncestralBlackjack],Blackjack]] for guard duty on the coronation day of the [[DM.BaseDescriptionDefs[LoreKameaArano],Lady Kamea Arano]]…",
	"BioDescription" : "Eager to get away from your past and make a name for yourself, you joined up with a minor Inner Sphere mercenary unit. Integrating into the tight-knit crew took time, but you eventually proved your worth and became part of the family.\r\n"
}