{
    "Description" : {
        "Id" : "background_ancestry_Liao",
        "Name" : "Liao",
        "Details" : "Decades ago, your family came to the [[DM.BaseDescriptionDefs[LoreAuriganReach],Aurigan Reach]] from the [[DM.Factions[faction_Liao],Capellan Confederation]].",
        "Icon" : "uixTxrLogo_Liao",
        "Cost" : 0,
        "Rarity" : 0,
        "Purchasable" : false
    },
    "Results" : {
        "Scope" : "Commander",
        "Requirements" : null,
        "AddedTags" : {
            "items" : [
                "commander_ancestry_liao"
            ],
            "tagSetSourceFile" : ""
        },
        "RemovedTags" : null,
        "Stats" : [
            {
                "typeString" : "System.Int32",
                "name" : "Piloting",
                "value" : 1,
                "valueConstant" : ""
            },
            {
                "typeString" : "System.Int32",
                "name" : "Gunnery",
                "value" : 1,
                "valueConstant" : ""
            },
            {
                "typeString" : "System.Int32",
                "name" : "Tactics",
                "value" : 1,
                "valueConstant" : ""
            },
            {
                "typeString" : "System.Int32",
                "name" : "Guts",
                "value" : 1,
                "valueConstant" : ""
            }
        ],
        "Actions" : null,
        "ForceEvents" : null,
        "TemporaryResult" : false,
        "ResultDuration" : 0
    },
    "BackgroundSection" : 0,
	"UIOrdering" : 4,
	"OptionName" : "The Capellan Confederation (Liao)",
	"OptionMusicTrigger" : "liao",
	"OptionDescription" : "MechWarriors who hail from the [[DM.Factions[faction_Liao],Capellan Confederation]] are dedicated and steadfast combatants, capable of holding the line and often surprising those opponents who would make the mistake of underestimating them.\r\n\r\nThe Capellan Confederation has suffered the most at the hands of the other [[DM.BaseDescriptionDefs[LoreSuccessorState],Successor States]] over the last two centuries of war, having lost nearly half of the territory it once controlled at the height of the [[DM.BaseDescriptionDefs[LoreStarLeague],Star League]]'s rule. Over time, the leadership of [[DM.BaseDescriptionDefs[LoreHouseLiao],House Liao]] has transformed the Capellan Confederation into a socialist police state with a highly regulated economy. Most Capellans take great pride in their citizenship, which must be earned through service to the state.",
	"BioDescription" : "Decades ago, your family came to the Aurigan Reach from the Capellan Confederation. MechWarriors who hail from the Capellan Confederation are dedicated and steadfast combatants, capable of holding the line and often surprising those opponents who would make the mistake of underestimating them. Most Capellans take great pride in their citizenship, which must be earned through service to the state.\r\n"
}