{
    "Description" : {
        "Id" : "background_youth_exile",
        "Name" : "Exiled",
        "Details" : "The day after your sixteenth birthday, you were exiled for an unforgivable transgression.",
        "Icon" : "uixTxrLogo_backgroundExiled",
        "Cost" : 0,
        "Rarity" : 0,
        "Purchasable" : false
    },
    "Results" : {
        "Scope" : "Commander",
        "Requirements" : null,
        "AddedTags" : {
            "items" : [
                "commander_family_noble",
				"commander_youth_exile"
            ],
            "tagSetSourceFile" : ""
        },
        "RemovedTags" : null,
        "Stats" : [
            {
                "typeString" : "System.Int32",
                "name" : "Piloting",
                "value" : 0,
                "valueConstant" : ""
            },
            {
                "typeString" : "System.Int32",
                "name" : "Gunnery",
                "value" : 1,
                "valueConstant" : ""
            },
            {
                "typeString" : "System.Int32",
                "name" : "Tactics",
                "value" : 1,
                "valueConstant" : ""
            },
            {
                "typeString" : "System.Int32",
                "name" : "Guts",
                "value" : 0,
                "valueConstant" : ""
            }
        ],
        "Actions" : null,
        "ForceEvents" : null,
        "TemporaryResult" : false,
        "ResultDuration" : 0
    },
    "BackgroundSection" : 1,
    "UIOrdering" : 0,
    "OptionName" : "You were exiled.",
	"OptionMusicTrigger" : "",
    "OptionDescription" : "Once the promising young scion of your family, you committed an unforgivable transgression and were sentenced to life in exile.\r\n\r\nYou stole away with the family's ancestral [[DM.BaseDescriptionDefs[LoreAncestralBlackjack],Blackjack]] and set off to find a new life to call your own.\r\n\r\n+1 [[DM.BaseDescriptionDefs[StatMechWarriorGunnery],Gunnery]], +1 [[DM.BaseDescriptionDefs[StatMechWarriorTactics],Tactics]]",
	"BioDescription" : "Once the promising young scion of your family, you committed an unforgivable transgression and were sentenced to life in exile. You stole away with the family's ancestral Blackjack and set off to find a new life to call your own.\r\n"
}