﻿{
    "FlavourTexts": {
        "FlavourText1": {
            "title": "PARSED Welcome to the Aurigan Reach.",
            "textLines": [
                "PARSED The Aurigan Reach is a small kingdom in the [[DM.BaseDescriptionDefs[LoreRimwardPeriphery],Rimward Periphery]],",
                "a region of space that lies at the outskirts of the more densely-colonized [[DM.BaseDescriptionDefs[LoreInnerSphere],Inner Sphere]]. It is home to the ",
                "[[DM.BaseDescriptionDefs[LoreAuriganCoalition],Aurigan Coalition]], a federation organized around a parliamentary monarchy and ruled by the ",
                "[[DM.BaseDescriptionDefs[LoreHouseArano],Arano]] family.",
                "For three generations, under the rule of House Arano, the Aurigan Coalition has ",
                "remained a relatively peaceful corner of the Periphery.",
                "It is here your story begins..."
            ]
        },
        "FlavourText2": {
            "title": "PARSED You are of noble birth.",
            "textLines": [
                "PARSED Though immigrants to the [[DM.BaseDescriptionDefs[LoreAuriganReach],Aurigan Reach]], your family soon established a ",
                "comfortable presence in a small, backwater system on the edge of Aurigan space. By the time you were born, your family had become the de-facto ruling ",
                "nobility of the system’s only inhabited planet. You were the oldest child, heir to the family’s titles and ancestral [[DM.BaseDescriptionDefs[LoreBattleMech],",
                "BattleMech]], an old [[DM.BaseDescriptionDefs[LoreAncestralBlackjack],Blackjack BJ-1]].",
                "This is where you met[[DM.BaseDescriptionDefs[LoreMastiff], Raju \"Mastiff\" Montgomery]], a veteran of the[[DM.BaseDescriptionDefs[LoreSuccessionWars],Succession Wars]],",
                "whom your parents hired on for a season to train you as a[[DM.BaseDescriptionDefs[LoreMechWarrior], MechWarrior]].",
                "Raju was a strict but capable teacher, and you quickly became a skilled pilot under his tutelage.",
                "It was an uneventful life..."
            ]
        },
        "FlavourText3": {
            "title": "PARSED Until years later, you crossed paths with Raju \"Mastiff\" Montgomery once again.",
            "textLines": [
                "PARSED On an ill-fated mission, you were caught behind enemy lines and separated from your lance. Raju happened to be on patrol nearby, ",
                "and he launched a daring rescue. Upon finding out it was you he had rescued, he brought you into the [[DM.BaseDescriptionDefs[LoreHouseArano],House Arano]] Royal Guard.",
                "So it is that you find yourself reunited with your old mentor, preparing your ancestral [[DM.BaseDescriptionDefs[LoreAncestralBlackjack],Blackjack]] for guard duty ",
                "on the coronation day of the [[DM.BaseDescriptionDefs[LoreKameaArano],Lady Kamea Arano]]..."
            ]
        }
    },
    "Questions": {
        "Question1": "PARSED Decades ago, your family came to the Reach from...",
        "Question2": "PARSED Until the day after your sixteenth birthday, when...",
        "Question3": "PARSED Out on your own, you fell into the life of a..."
    }
}
